iso,country,cj_cr,rank_cr,G_RoL,G_RegQ,R_grid,BIT_G7,BIT_score,ICSID,FDI_raw,FDI_score,xi_raw_v26,xi_eff_v26,rank_v26,xi_eff_A,adj_cost_A,rank_A,delta_A,xi_eff_B,adj_cost_B,rank_B,delta_B,xi_eff_C,adj_cost_C,rank_C,delta_C,shift_A,shift_B,shift_C
KGZ,Kyrgyzstan,1.4232518095905662,1,0.127358493804932,0.292452831268311,0.65,4,0.5714285714285714,1,1.04737270916902,0.33979320035817695,0.5200696464524074,0.7600348232262037,66,0.6648369095250313,2.1407533023510337,73,-72,0.8074164659038783,1.7627232905106522,63,-62,0.6872576156213946,2.0709145700825897,56,-55,-7,3,10
ETH,Ethiopia,1.4402450948594079,2,0.268867931365967,0.14150943756103498,0.55,4,0.5714285714285714,1,2.40146315358044,0.5597029889211602,0.41957093542107865,0.7097854677105393,80,0.5867345244899984,2.45467930511043,79,-77,0.7839385390219182,1.8371913398419362,73,-71,0.7791183505405306,1.8485575315485845,34,-32,1,7,46
CAN,Canada,1.4404078296681386,3,0.900943374633789,0.948113174438477,1.0,7,1.0,1,1.93601776565032,0.4822981220948538,0.9744419543426704,0.9872209771713352,1,0.9778605278235606,1.47301970852027,1,2,0.9944816344747194,1.4484006337924535,1,2,0.7690222741474895,1.873037853506809,35,-32,0,0,-34
XKX,Kosovo,1.4454014923649217,4,0.514150924682617,0.5660377502441409,0.7,3,0.42857142857142855,1,6.06995232091603,0.936406169393183,0.6140352010414702,0.8070176005207351,54,0.7921818920577917,1.8245828475204227,47,-43,0.809536333993667,1.7854683374547944,69,-65,0.9482077242286171,1.5243511051766427,3,1,7,-15,51
CHN,China,1.4461647183516888,5,0.5283018875122071,0.386792449951172,0.95,6,0.8571428571428571,1,0.280991103634816,0.23578023754204913,0.6428166299393555,0.8214083149696778,49,0.7213017433161272,2.0049372287706695,65,-60,0.8996348544667025,1.6075018783136914,27,-22,0.6452980667584732,2.2410801966542535,64,-59,-16,22,-15
TJK,Tajikistan,1.448039587642129,6,0.09905660629272459,0.113207550048828,0.65,3,0.42857142857142855,1,1.14813698883392,0.35504588212358246,0.43021742458928813,0.715108712294644,79,0.5735700567228825,2.5246080590670408,82,-76,0.7567544402884889,1.9134867409434813,79,-73,0.6943787638169712,2.085374241116355,57,-51,-3,0,22
MNE,Montenegro,1.4551172052252153,7,0.523584899902344,0.6415093994140619,0.8,4,0.5714285714285714,1,6.87914947745747,0.961942685640016,0.7141621546710881,0.8570810773355441,41,0.8315553749790744,1.749874090179301,38,-31,0.8553857054033376,1.7011240613836165,56,-49,0.9678539705846047,1.5034470585953097,1,6,3,-15,40
COL,Colombia,1.4568805616249414,8,0.358490562438965,0.542452812194824,0.75,5,0.7142857142857143,1,4.58478761240549,0.8452520777359505,0.6204228042204991,0.8102114021102496,57,0.7847323838224636,1.8565317191682806,50,-42,0.8719190871079443,1.6708896308913792,47,-39,0.9151141178408522,1.5920206378875996,12,-4,7,10,45
UKR,Ukraine,1.457356165973561,9,0.198113212585449,0.433962249755859,0.75,6,0.8571428571428571,1,2.52287921090664,0.5795753504686759,0.5761923336072445,0.7880961668036223,62,0.7355392853646936,1.9813437500499753,63,-54,0.8906940459018347,1.6362028832223487,36,-27,0.8012122390170024,1.8189389714784856,31,-22,-1,26,31
ARG,Argentina,1.4617254798316492,10,0.377358474731445,0.353773574829102,0.75,6,0.8571428571428571,1,3.81190879856952,0.7652640559547932,0.6204228042204991,0.8102114021102496,59,0.6979911487432646,2.094189134723973,71,-61,0.8822191012551899,1.6568735337423077,42,-32,0.8814773980644847,1.6582676799668963,18,-8,-12,17,41
AZE,Azerbaijan,1.462269183276778,11,0.292452831268311,0.490566024780273,0.7,4,0.5714285714285714,1,0.349083720733803,0.24407115619190992,0.48083419205054023,0.7404170960252701,75,0.7587185432432424,1.9272880520701599,58,-47,0.8322203809418989,1.7570696617905417,62,-51,0.6429301008106587,2.2743828317153447,67,-56,17,13,8
DZA,Algeria,1.4627576512895546,12,0.26415094375610404,0.160377349853516,0.7,4,0.5714285714285714,1,0.489819143410423,0.2618232626139356,0.48083419205054023,0.7404170960252701,76,0.6000244767470121,2.437829968570259,77,-65,0.7964634444589802,1.8365659610193072,72,-60,0.6517196059749093,2.244458564510133,65,-53,-1,4,11
RUS,Russia,1.4642243165112447,13,0.122641506195068,0.127358493804932,0.85,5,0.7142857142857143,0,-0.484918766027148,0.1561207687950231,0.44788222958463525,0.7239411147923176,78,0.5846557711823234,2.5044212144698563,81,-68,0.7186872072804613,2.0373596492024997,81,-68,0.6006524666053831,2.437722972797199,77,-64,-3,-3,1
VNM,Vietnam,1.4667490907906573,14,0.5047169876098629,0.382075462341309,0.85,5,0.7142857142857143,1,4.26407109843686,0.8151283810853923,0.6321809455103841,0.8160904727551921,56,0.715382105625727,2.050301620988588,68,-54,0.8615074026979284,1.7025380004830275,57,-43,0.9101332274669045,1.6115762467797532,13,1,-12,-1,43
EGY,Egypt,1.4675387813754928,15,0.443396224975586,0.268867931365967,0.7,6,0.8571428571428571,1,2.48546398363597,0.5734758847471046,0.5258830943327595,0.7629415471663797,70,0.6551825432922966,2.239892983108342,76,-61,0.869366918651528,1.688054548534912,51,-36,0.7954422461237551,1.8449344229916256,33,-18,-6,19,37
IND,India,1.4678776917108793,16,0.561320762634277,0.471698112487793,0.7,3,0.42857142857142855,0,0.771919134264091,0.2998219784301202,0.6572658366970754,0.8286329183485377,50,0.7502356765898458,1.9565554365303381,61,-45,0.6857529739818313,2.14053419730378,83,-67,0.6702427617984591,2.190068696560229,62,-46,-11,-33,-12
NOR,Norway,1.4702549557157467,17,0.990566024780273,0.933962249755859,1.0,5,0.7142857142857143,1,2.8543922106997,0.6323689188436117,1.0,1.0,2,0.971791300544332,1.5129328230168442,6,11,0.9314054806016123,1.578533717416051,17,0,0.8386842048310512,1.7530495355065405,24,-7,-4,-15,-22
TKM,Turkmenistan,1.4708580585068336,18,0.0660377359390259,0.0141509437561035,0.75,2,0.2857142857142857,1,3.00321589469314,0.6551529420291146,0.34420110166889556,0.6721005508344478,85,0.5128350270400956,2.8680920392589244,85,-67,0.7180911404863911,2.0482888251630067,82,-64,0.8342877676867679,1.763010456913549,26,-8,0,3,59
FIN,Finland,1.4724497087867028,19,1.0,0.96698112487793,1.0,6,0.8571428571428571,1,-0.0389119475535467,0.1994771366242256,1.0,1.0,3,0.9859317786464528,1.493460035143782,2,17,0.9659257528467826,1.5243922262628256,5,14,0.6270220627366216,2.3483220069804784,74,-55,1,-2,-71
BRA,Brazil,1.4725173215306375,20,0.419811325073242,0.400943412780762,0.7,0,0.0,0,2.86383330702497,0.6338332697886352,0.6572658366970754,0.8286329183485377,52,0.7179492257967159,2.05100481847664,69,-49,0.5670817429331191,2.596657959599141,84,-64,0.8216721687269903,1.7920983301795361,29,-9,-17,-32,23
IRN,Iran,1.478397254111062,21,0.160377349853516,0.0424528312683105,0.75,1,0.14285714285714285,0,0.310885408088419,0.23939600042485643,0.39238918348584123,0.6961945917429206,83,0.5326550125095123,2.775524907098589,84,-63,0.5571687904428091,2.6534100248797277,85,-64,0.642062204819987,2.3025763594441067,70,-49,-1,-2,13
IDN,Indonesia,1.4788541864253064,22,0.46698112487793,0.6084905624389649,0.7,5,0.7142857142857143,1,1.57116694173474,0.42202634801341177,0.6572658366970754,0.8286329183485377,53,0.8107066010909268,1.824154613315455,46,-24,0.8750328634476789,1.6900555947105087,52,-30,0.7276529808305567,2.032361888681215,51,-29,7,1,2
SWE,Sweden,1.4801451587867027,23,0.933962249755859,0.952830200195312,1.0,6,0.8571428571428571,1,3.22500296728157,0.6878018143330392,0.9914936004303152,0.9957468002151576,4,0.9798805976278182,1.5105362453037332,4,19,0.9644029329689516,1.5347787819661838,6,17,0.8637590641424235,1.7136088293976437,23,0,0,-2,-19
KAZ,Kazakhstan,1.48057804941869,24,0.367924537658691,0.53301887512207,0.8,6,0.8571428571428571,1,2.18549414987511,0.5239184366683681,0.536522576791118,0.7682612883955591,71,0.7832465981111888,1.8903089435551035,54,-30,0.9050205714957347,1.635960657746958,35,-11,0.7791307173406263,1.900294798377715,37,-13,17,36,34
UZB,Uzbekistan,1.4807195857712643,25,0.231132068634033,0.311320762634277,0.7,4,0.5714285714285714,1,2.10084902446518,0.5098053353974464,0.48083419205054023,0.7404170960252701,77,0.675776811830193,2.191137014247442,74,-49,0.812898768122313,1.821530114003651,71,-46,0.7673181397200415,1.9297335865297145,40,-15,3,6,37
GEO,Georgia,1.4809132264724583,26,0.551886787414551,0.797169799804688,0.8,4,0.5714285714285714,1,6.86202066832702,0.9615217515426085,0.7141621546710881,0.8570810773355441,45,0.8987968453335984,1.647661798281903,27,-1,0.8722040749506839,1.6978976239662626,55,-29,0.9676799468795739,1.5303750286940228,5,21,18,-10,40
USA,United States of America,1.4851940657628986,27,0.886792449951172,0.905660400390625,0.95,7,1.0,1,1.32618252590589,0.3827138674135017,0.9329729387900143,0.9664864693950072,13,0.9560884949840338,1.5534064823023528,11,16,0.9862032518131982,1.505971576378676,2,25,0.7193166553893529,2.0647291490268502,54,-27,2,11,-41
BIH,Bosnia and Herz.,1.486006748631558,28,0.396226425170898,0.46698112487793,0.75,4,0.5714285714285714,1,4.0920266922729,0.7971868589830878,0.5313536805784015,0.7656768402892007,73,0.7506880440091018,1.9795263298659125,62,-34,0.8331192705516297,1.7836662782360497,68,-40,0.8949619926063067,1.6604132476106743,19,9,11,5,54
KEN,Kenya,1.486973629044517,29,0.410377349853516,0.377358474731445,0.6,5,0.7142857142857143,1,0.472521238226254,0.2595970437374071,0.6,0.8,63,0.7022710288745502,2.117378573095234,72,-43,0.8426154900927136,1.7647119552488932,64,-35,0.6471795507599389,2.2976214673323114,69,-40,-9,-1,-6
TUR,Turkey,1.4889262961370715,30,0.325471687316895,0.438679237365723,0.85,6,0.8571428571428571,1,0.933806495534912,0.32299365219679194,0.6766891171549761,0.838344558577488,51,0.7422188071355278,2.006047653094832,66,-36,0.8986053489292392,1.656930150606434,43,-13,0.6867229638588916,2.1681615068911797,59,-29,-15,8,-8
NGA,Nigeria,1.489085536261796,31,0.202830181121826,0.169811325073242,0.5,4,0.5714285714285714,1,0.384195197914633,0.24842270544351056,0.4571683300264887,0.7285841650132443,81,0.5998359967508707,2.4824877872080364,80,-49,0.7828530620185293,1.902126476228244,78,-47,0.6379520310942666,2.3341653661758817,73,-42,1,3,8
MAR,Morocco,1.4914425581798125,32,0.48584907531738303,0.509433975219727,0.75,6,0.8571428571428571,1,0.725864122672683,0.29340614311755364,0.7072818662802007,0.8536409331401004,47,0.7699317147708072,1.9371101742753696,60,-28,0.8986409253095093,1.6596646293024444,44,-12,0.6688799205555355,2.2297612954820067,63,-31,-13,3,-16
ZAF,South Africa,1.492879993939186,33,0.542452812194824,0.443396224975586,0.65,3,0.42857142857142855,1,1.0127377916456,0.33462443138007897,0.5200696464524074,0.7600348232262037,74,0.7347903268508893,2.0317088282003684,67,-34,0.7928944810468003,1.8828230358827145,77,-44,0.684833636077753,2.179916282280403,61,-28,7,-3,13
AUS,Australia,1.497279461655362,34,0.919811325073242,0.995283050537109,1.0,5,0.7142857142857143,1,2.03614704389564,0.49900566072185387,0.9829743023715227,0.9914871511857614,7,0.9979945859862589,1.5002881605571932,3,31,0.9380836198344148,1.596104472988936,20,14,0.7769234004112309,1.9271905838630188,39,-5,4,-13,-32
ISL,Iceland,1.4974736641802688,35,0.96698112487793,0.872641525268555,1.0,4,0.5714285714285714,1,5.95630440129812,0.931734681702989,1.0,1.0,5,0.945328508735179,1.5840775458933776,13,22,0.8932550257394656,1.6764234412681993,48,-13,0.9708346611450765,1.5424600337343066,6,29,-8,-43,-1
MEX,Mexico,1.497526522154259,36,0.24056604385376001,0.462264137268066,0.75,7,1.0,1,1.72496522551661,0.44725592212429754,0.6641031537447502,0.8320515768723751,58,0.7485340319873791,2.000612474730486,64,-28,0.9235789494537916,1.6214385603308763,30,6,0.7416583904994631,2.019159415355314,50,-14,-6,28,8
BLR,Belarus,1.4977812441026963,37,0.113207550048828,0.07547169685363771,0.8,3,0.42857142857142855,1,2.74854001098901,0.6157888532116839,0.39620626246461693,0.6981031312323085,84,0.5537712335597943,2.7046931175434037,83,-46,0.7605589339325489,1.969316481969731,80,-43,0.8202215476040033,1.8260691254429389,32,5,1,4,52
FRA,France,1.4981627763865202,38,0.849056625366211,0.853773574829102,0.98,7,1.0,1,0.590645170561014,0.27504226639487966,0.9544407555362122,0.9772203777681061,10,0.9358080200518477,1.6009296183457753,16,22,0.9829544681217597,1.5241425976212573,4,34,0.6663962130062102,2.2481561976891946,66,-28,-6,6,-56
ARM,Armenia,1.4987121318660244,39,0.490566024780273,0.5283018875122071,0.8,4,0.5714285714285714,1,2.39959276465582,0.5593951870101642,0.5817974107523521,0.790898705376176,68,0.7811145602608529,1.9186841573731899,57,-18,0.843065695181077,1.7776931743665896,66,-27,0.7951171301656702,1.8848947846888338,36,3,11,2,32
CHL,Chile,1.4987358196293523,40,0.7122641754150391,0.768867950439453,0.9,6,0.8571428571428571,1,5.47730938390937,0.9083626566071273,0.8829714223847634,0.9414857111923818,25,0.8936229167500025,1.6771456858784146,31,9,0.9375544725326466,1.5985586582300313,21,19,0.953551661006306,1.5717405578715058,8,32,-6,4,17
ARE,United Arab Emirates,1.4991450585068335,41,0.7877358245849609,0.820754699707031,0.95,5,0.7142857142857143,1,5.87184069440898,0.9280588637639157,0.8643002281685779,0.9321501140842889,30,0.9194787030828437,1.63042934380152,26,15,0.9158166352979089,1.6369489270296689,37,4,0.9656587196028055,1.55245847013473,7,34,4,-7,23
GBR,United Kingdom,1.4996158409458022,42,0.8915093994140619,0.929245300292969,0.98,7,1.0,1,0.403116734836793,0.2507891802441832,0.9544407555362122,0.9772203777681061,12,0.9683437543257885,1.5486399682413536,10,32,0.9909821395544745,1.5132622285402633,3,39,0.6538389801575346,2.293555273478017,68,-26,2,9,-56
POL,Poland,1.500355807220804,43,0.650943374633789,0.764150924682617,0.92,7,1.0,1,4.38918673390545,0.8273880779111543,0.8773230480909562,0.9386615240454781,27,0.8928623860171228,1.6803886362752785,32,11,0.9689258343675967,1.5484733237607022,10,33,0.9203306393206296,1.630235638279236,16,27,-5,17,11
NZL,New Zealand,1.5012697901974563,44,0.957547149658203,0.985849075317383,0.98,4,0.5714285714285714,1,1.72217162155154,0.4467948107004708,0.9884935202044184,0.9942467601022091,6,0.9924847467952072,1.5126376451075412,5,39,0.904541416289125,1.6597026550275669,45,-1,0.7513308604003612,1.9981473799671634,48,-4,1,-39,-42
MLT,Malta,1.5039248810788923,45,0.754716949462891,0.740566024780273,0.95,6,0.8571428571428571,1,111.222080423027,1.0,0.8643002281685779,0.9321501140842889,31,0.8843773262092139,1.7005466292598215,34,11,0.9380690340628427,1.6032134378909069,24,21,0.9961677644248906,1.5097104471626233,2,43,-3,7,29
PHL,Philippines,1.504296796433672,46,0.372641525268555,0.575471687316895,0.7,5,0.7142857142857143,1,2.0421035482067,0.5,0.6140352010414702,0.8070176005207351,65,0.7963159831070661,1.889070203720144,53,-7,0.8715642785347014,1.7259734404933833,60,-14,0.7629415471663797,1.9717064852749722,46,0,12,5,19
PRT,Portugal,1.5043280209929542,47,0.834905624389648,0.754716949462891,0.95,6,0.8571428571428571,1,3.96325428743124,0.7829291285666208,0.9244388615072116,0.9622194307536058,15,0.8906115071016009,1.6890956483244053,33,14,0.939593731464424,1.601040929305,23,24,0.9029884773909941,1.665943761917551,20,27,-18,-8,-5
LVA,Latvia,1.50495459551345,48,0.830188674926758,0.863207550048828,0.9,7,1.0,1,3.94830779361871,0.7812281788741604,0.8744354205083176,0.9372177102541588,28,0.9343144975284917,1.6107580472040752,19,29,0.9778165883893674,1.5390970181763535,7,41,0.8989951307236372,1.674040875284888,21,27,9,21,7
PAK,Pakistan,1.507256531835604,49,0.212264156341553,0.198113212585449,0.55,5,0.7142857142857143,1,0.608281270820624,0.2773965858424076,0.4637511933054329,0.7318755966527164,82,0.615451832921218,2.4490243609828406,78,-29,0.8197202615690091,1.838744999361851,74,-25,0.65369521704013,2.305748141557955,71,-22,4,8,11
ISR,Israel,1.5083282284208954,50,0.773584899902344,0.844339599609375,0.98,5,0.7142857142857143,1,3.15712318737314,0.6779871493876508,0.9115700427672512,0.9557850213836256,23,0.9317113832459054,1.6188792533221676,23,27,0.9203363924967892,1.6388879552279114,38,12,0.8582549160937125,1.7574361651034245,25,25,0,-15,-2
ESP,Spain,1.508551931367127,51,0.78301887512207,0.745283050537109,0.95,6,0.8571428571428571,1,2.89981565316893,0.6393914420521427,0.9244388615072116,0.9622194307536058,18,0.8864573779542448,1.7017760457344764,35,16,0.9385773759102174,1.6072749781595335,26,25,0.8392581905369396,1.797482524897359,30,21,-17,-8,-12
MYS,Malaysia,1.508625408997365,52,0.674528274536133,0.731132049560547,0.95,5,0.7142857142857143,1,1.97990062716743,0.48961773624854504,0.8208901220488176,0.9104450610244088,38,0.8802112768977437,1.7139355613738925,36,16,0.9060475846882856,1.665062006115704,46,6,0.770400266619744,1.9582358344925077,42,10,2,-8,-4
THA,Thailand,1.5091571199563734,53,0.575471687316895,0.570754699707031,0.85,4,0.5714285714285714,1,2.00183400496619,0.49327806599427904,0.7206861448768664,0.8603430724384332,48,0.8029457854395041,1.879525551193116,51,2,0.8508709539111493,1.7736615793726629,65,-12,0.7676152618021812,1.966033239637817,44,9,-3,-17,4
BEL,Belgium,1.5107084114918514,54,0.882075500488281,0.8584906005859381,1.0,6,0.8571428571428571,1,-0.652181403274145,0.14196473357768497,0.9744419543426704,0.9872209771713352,9,0.9391826927767124,1.6085351903423728,18,36,0.9542280652816879,1.5831733172151992,19,35,0.5951312942513047,2.538445593576748,79,-25,-9,-10,-70
SRB,Serbia,1.5133039468854175,55,0.514150924682617,0.5660377502441409,0.8,5,0.7142857142857143,1,6.06995232091603,0.936406169393183,0.6705634087532556,0.8352817043766279,60,0.798093213696954,1.8961493731733923,55,0,0.8780694960997005,1.7234443897748033,58,-3,0.9572757058219059,1.5808444084414657,10,45,5,2,50
SAU,Saudi Arabia,1.5188678547651042,56,0.627358474731445,0.688679275512695,0.95,5,0.7142857142857143,1,1.87131032249407,0.4715197369106195,0.7770708445513121,0.8885354222756561,43,0.8613624374571107,1.7633318899406178,40,16,0.9014056900447962,1.684999186869591,50,6,0.761880667907735,1.9935771030077398,47,9,3,-7,-4
LUX,Luxembourg,1.5191198053887258,57,0.976415100097656,0.990566024780273,0.98,6,0.8571428571428571,1,-10.4511316835125,0.00023819993815571793,0.9544407555362122,0.9772203777681061,14,0.9944869442762009,1.5275412252841176,7,50,0.9670443591581044,1.5708894747199091,13,44,0.501404927507248,3.0297265185268176,80,-23,7,1,-66
MDA,Moldova,1.5199493842745724,58,0.471698112487793,0.547169799804688,0.75,4,0.5714285714285714,1,2.15951089914844,0.5195891973802058,0.6204228042204991,0.8102114021102496,67,0.7868355625104213,1.9317243102550303,59,-1,0.8417994319051452,1.8055956403233138,70,-12,0.7744986987745814,1.9624944324366838,43,15,8,-3,24
KOR,South Korea,1.520496825599388,59,0.8584906005859381,0.849056625366211,0.98,7,1.0,1,1.03221435142435,0.33752624401956305,0.9373341016774543,0.9686670508387272,19,0.9337605716857742,1.6283583519213534,25,34,0.9824519635383064,1.5476551343266798,9,50,0.6980228607642502,2.178290871354312,60,-1,-6,10,-41
NLD,Netherlands,1.5205172099951596,60,0.943396224975586,0.9716981506347661,1.0,6,0.8571428571428571,1,-30.2430732965592,4.340242934272097e-10,0.9829743023715227,0.9914871511857614,11,0.9879459010295385,1.5390693037044119,8,52,0.9664331696819446,1.573328873320403,14,46,0.5014091914656322,3.032487708393713,81,-21,3,-3,-70
EST,Estonia,1.5217775636037991,61,0.896226425170898,0.910377349853516,0.95,7,1.0,1,12.9027265859711,0.9992917541196793,0.9329729387900143,0.9664864693950072,21,0.9581068360047693,1.5883171963885496,14,47,0.9867023249661457,1.5422863867843952,8,53,0.9958690510954014,1.5280900254204377,4,57,7,13,17
QAT,Qatar,1.5228925281242949,62,0.801886825561523,0.811320724487305,0.95,4,0.5714285714285714,1,-0.21820397647038,0.18104479392301867,0.8383016391001934,0.9191508195500967,36,0.9153767934845705,1.663678322373774,30,32,0.8834852784739673,1.7237327720443372,59,3,0.6160771348682204,2.4719185990404324,78,-16,6,-23,-42
MKD,North Macedonia,1.5243228460982854,63,0.452830200195312,0.660377349853516,0.8,4,0.5714285714285714,1,4.04601094449743,0.7921736491881609,0.6705634087532556,0.8352817043766279,61,0.8398261897747165,1.8150456185549362,45,18,0.8574316647294153,1.7777776454982273,67,-4,0.8966713512042681,1.6999794228409935,22,41,16,-6,39
LTU,Lithuania,1.5250545525672183,64,0.867924499511719,0.882075500488281,0.92,7,1.0,1,4.80150438624708,0.8632496160197748,0.8858872382062196,0.9429436191031098,32,0.9438314510818324,1.615812389827845,21,43,0.9813839061949711,1.5539836581182294,11,53,0.9357667737736781,1.6297378741255284,15,49,11,21,17
DNK,Denmark,1.5271269806963537,65,0.995283050537109,0.981132049560547,1.0,6,0.8571428571428571,1,2.21212901346256,0.5283525120568346,1.0,1.0,8,0.9919696906619611,1.5394895580703394,9,56,0.9674476949090749,1.578511157484209,16,49,0.7907068159829449,1.9313441465632857,41,24,-1,-8,-33
GHA,Ghana,1.5275710785844059,66,0.495283012390137,0.452830200195312,0.6,4,0.5714285714285714,1,1.63794208213468,0.432938400852247,0.6422424990446293,0.8211212495223146,64,0.736177090180474,2.075004912486371,70,-4,0.820668442039695,1.8613742168369118,75,-9,0.7273290223686929,2.100247661793509,58,8,-6,-11,6
ALB,Albania,1.5325556322401972,67,0.457547187805176,0.584905662536621,0.8,5,0.7142857142857143,1,6.90036950940795,0.9624580287434962,0.5817974107523521,0.790898705376176,72,0.8065183325522334,1.9002117749641392,56,11,0.880093304912367,1.7413558581641493,61,6,0.9680670095628168,1.5831090380120545,11,56,16,11,61
SVN,Slovenia,1.5338447397069248,68,0.825471725463867,0.75,0.95,6,0.8571428571428571,1,2.09028809314832,0.5080429247658806,0.9244388615072116,0.9622194307536058,26,0.8885354222756561,1.7262617800633617,37,31,0.9390856055822107,1.6333385695502995,34,34,0.7790254977614981,1.9689275179238328,45,23,-11,-8,-19
ROU,Romania,1.5350903385068335,69,0.6415093994140619,0.6320754623413091,0.85,7,1.0,1,2.50426860654842,0.576544347688118,0.7642138649763099,0.882106932488155,46,0.8303972581060158,1.8486216368393287,49,20,0.9495349725024731,1.616675933969178,28,41,0.8055558860610491,1.9056286038862071,38,31,-3,18,8
GRC,Greece,1.53868730100132,70,0.570754699707031,0.707547149658203,0.9,6,0.8571428571428571,1,1.94366777616511,0.4835736776251217,0.8573190287353687,0.9286595143676843,37,0.866773929879677,1.775188717564355,42,28,0.9309981065213541,1.6527287115014422,41,29,0.7653992160530116,2.01030686827193,49,21,-5,-4,-12
BGR,Bulgaria,1.5447636394574762,71,0.537735862731934,0.655660400390625,0.85,7,1.0,1,5.4578492660207,0.9072752663564038,0.7206861448768664,0.8603430724384332,55,0.8408473757164908,1.8371510503213193,48,23,0.9520149700575304,1.6226253662420096,32,39,0.9492220382148794,1.6273996781222873,14,57,7,23,41
SVK,Slovakia,1.5457075885456197,72,0.688679275512695,0.7122641754150391,0.92,7,1.0,1,0.393861455912485,0.24962977220645252,0.8773230480909562,0.9386615240454781,35,0.8700693476312887,1.7765337817654596,43,29,0.9634258220245258,1.6043867137560186,25,47,0.6517889307957281,2.3714848711201073,75,-3,-8,10,-40
DEU,Germany,1.5465884829801775,73,0.929245300292969,0.919811325073242,1.0,7,1.0,1,1.69740103499567,0.4427102773958305,0.9658964015024689,0.9829482007512345,20,0.9657082633295802,1.6015069371445905,17,56,0.9914670435603905,1.5598990334830776,12,61,0.7501333893089874,2.061751289867091,53,20,3,8,-33
ITA,Italy,1.5472108860982854,74,0.6084905624389649,0.726415100097656,0.95,7,1.0,1,1.8137542726883,0.46195451975413304,0.8901615107729626,0.9450807553864813,34,0.8781252498639385,1.7619478386915974,39,35,0.9671701642909702,1.599729751002546,22,52,0.7573581242956202,2.042905247154068,52,22,-5,12,-18
AUT,Austria,1.5514033710705266,75,0.9716981506347661,0.900943374633789,1.0,6,0.8571428571428571,1,0.566112370322707,0.27178797989848047,0.9829743023715227,0.9914871511857614,16,0.9575756189680278,1.620136666326637,24,51,0.9588116755877918,1.6180480594580278,29,46,0.6652211775806656,2.3321617280929114,72,3,-8,-13,-56
CZE,Czechia,1.5558363669242035,76,0.844339599609375,0.877358474731445,0.95,7,1.0,1,3.4462419046487,0.7186128688560314,0.907328753100414,0.9536643765502071,33,0.9439448877808823,1.6482279707894976,28,48,0.9832068854300744,1.5824099586565135,18,58,0.8746703161935722,1.7787689122628043,28,48,5,15,5
JPN,Japan,1.562927820313815,77,0.924528274536133,0.924528274536133,0.98,7,1.0,1,0.47897443130528,0.26042612230994816,0.98,0.99,24,0.9663221918565721,1.6173982482084972,22,55,0.9904810875038874,1.5779481708757825,15,62,0.6588494730412111,2.3722077413212923,76,1,2,9,-52
HUN,Hungary,1.5654428887091303,78,0.6320754623413091,0.627358474731445,0.92,6,0.8571428571428571,1,-33.1910318158224,6.062136757805148e-11,0.8342763811494759,0.917138190574738,42,0.8322206182891031,1.8810431444577775,52,26,0.9237925914537872,1.6945826402932802,54,24,0.5013916761304661,3.122195607215844,83,-5,-10,-12,-41
CHE,Switzerland,1.5654647638836683,79,0.985849075317383,0.957547149658203,1.0,6,0.8571428571428571,1,-9.75776508855016,0.0003784011304704953,1.0,1.0,17,0.9818991352797042,1.5943233959949759,15,64,0.9649106346328267,1.62239352298088,31,48,0.5014091914656322,3.1221301693887455,82,-3,2,-14,-65
SGP,Singapore,1.5756012547955247,80,0.981132049560547,1.0,1.0,6,0.8571428571428571,1,26.2141035698283,0.9999999022129904,1.0,1.0,22,1.0,1.5756012547955247,12,68,0.9694755976407682,1.6252098130471477,33,47,0.9999999584405206,1.5756013202766954,9,71,10,-11,13
CYP,Cyprus,1.5783449566359689,81,0.71698112487793,0.759433975219727,0.95,6,0.8571428571428571,1,-63.1546692723109,1.239854457523865e-19,0.8643002281685779,0.9321501140842889,40,0.8926856800417968,1.768085891735228,41,40,0.9401017619352678,1.6789086251543992,49,32,0.5013983907582987,3.14788596399149,84,-3,-1,-9,-44
HRV,Croatia,1.583649673276778,82,0.594339637756348,0.7216981506347661,0.9,7,1.0,1,3.90300483680134,0.7760141121492563,0.8401421134202072,0.9200710567101036,44,0.8729998303682203,1.8140320515398205,44,38,0.9628980622491934,1.6446701217547337,40,42,0.8967304702408712,1.7660263878971272,27,55,0,4,17
SEN,Senegal,1.583921536261796,83,0.42924530029296903,0.391509437561035,0.65,5,0.7142857142857143,1,15.6044600024418,0.9998833307489995,0.65,0.825,69,0.711221395674372,2.227044273267313,75,8,0.8482397503864951,1.8673040676767294,76,7,0.9686665273119555,1.6351566732228995,17,66,-6,-7,52
IRL,Ireland,1.5845732227778808,84,0.938679275512695,0.9622641754150391,0.98,6,0.8571428571428571,1,-24.6702589530642,1.7930525721677207e-08,0.9714934693123698,0.9857467346561849,29,0.9824519716667759,1.6128760168189982,20,64,0.9640099752862699,1.6437311473953682,39,45,0.501404927507248,3.16026655472981,85,-1,9,-10,-56
GRL,Greenland,1.6183727237285235,85,0.995283050537109,0.981132049560547,0.85,6,0.8571428571428571,1,2.21212901346256,0.5283525120568346,0.9342818313389369,0.9671409156694685,39,0.9801215355065226,1.651195964072104,29,56,0.9561901054244815,1.6925219310966195,53,32,0.7837056947230661,2.065026112002924,55,30,10,-14,-16
