iso3,country,pue,p_E,c_elec,c_hardware,c_construction,c_j_total,theta_summer_C,p_L_usd_per_W,rank_symmetric
KGZ,Kyrgyzstan,1.08,0.038,0.02873,1.36,0.04168,1.43041,13.3,7.83,1
ETH,Ethiopia,1.2525,0.05,0.04384,1.36,0.04301,1.44685,26.5,8.08,2
XKX,Kosovo,1.17,0.0468,0.03833,1.36,0.05047,1.4488,21.0,9.48,3
CAN,Canada,1.08,0.0526,0.03977,1.36,0.04999,1.44975,14.6,9.39,4
TJK,Tajikistan,1.107,0.074,0.05734,1.36,0.03897,1.45631,16.8,7.32,5
MNE,Montenegro,1.1805,0.0508,0.04198,1.36,0.05473,1.45671,21.7,10.28,6
CHN,China,1.1685,0.079,0.06462,1.36,0.03258,1.4572,20.9,6.12,7
UKR,Ukraine,1.1925,0.0568,0.04741,1.36,0.05249,1.4599,22.5,9.86,8
ARG,Argentina,1.1895,0.06,0.04996,1.36,0.05377,1.46373,22.3,10.1,9
COL,Colombia,1.2375,0.075,0.06497,1.36,0.03987,1.46484,25.5,7.49,10
AZE,Azerbaijan,1.221,0.062,0.05299,1.36,0.05201,1.465,24.4,9.77,11
RUS,Russia,1.1085,0.065,0.05044,1.36,0.05515,1.46559,16.9,10.36,12
NOR,Norway,1.08,0.05552,0.04197,1.36,0.06607,1.46804,14.5,12.41,13
DZA,Algeria,1.392,0.065,0.06334,1.36,0.04514,1.46848,35.8,8.48,14
VNM,Vietnam,1.275,0.073,0.06515,1.36,0.04663,1.47179,28.0,8.76,15
FIN,Finland,1.101,0.06171,0.04756,1.36,0.06543,1.47299,16.4,12.29,16
BRA,Brazil,1.2645,0.063,0.05576,1.36,0.05723,1.47299,27.3,10.75,17
TKM,Turkmenistan,1.338,0.07,0.06556,1.36,0.04919,1.47475,32.2,9.24,18
EGY,Egypt,1.3305,0.08,0.07451,1.36,0.04062,1.47513,31.7,7.63,19
IND,India,1.308,0.09,0.0824,1.36,0.03535,1.47775,30.2,6.64,20
IDN,Indonesia,1.251,0.067,0.05867,1.36,0.05968,1.47835,26.4,11.21,21
SWE,Sweden,1.083,0.07104,0.05386,1.36,0.06543,1.47928,15.2,12.29,22
KAZ,Kazakhstan,1.2285,0.085,0.0731,1.36,0.05073,1.48383,24.9,9.53,23
IRN,Iran,1.323,0.085,0.07872,1.36,0.04525,1.48397,31.2,8.5,24
GEO,Georgia,1.146,0.0911,0.07308,1.36,0.051,1.48408,19.4,9.58,25
UZB,Uzbekistan,1.3035,0.09,0.08212,1.36,0.04456,1.48668,29.9,8.37,26
TUR,Turkey,1.221,0.086,0.0735,1.36,0.05627,1.48977,24.4,10.57,27
KEN,Kenya,1.266,0.088,0.07799,1.36,0.05185,1.48984,27.4,9.74,28
BIH,Bosnia and Herz.,1.179,0.0985,0.08129,1.36,0.04882,1.49011,21.6,9.17,29
NGA,Nigeria,1.326,0.08,0.07426,1.36,0.0559,1.49015,31.4,10.5,30
ZAF,South Africa,1.2075,0.095,0.0803,1.36,0.0543,1.4946,23.5,10.2,31
ISL,Iceland,1.08,0.09198,0.06954,1.36,0.06639,1.49592,8.7,12.47,32
BLR,Belarus,1.152,0.099,0.07983,1.36,0.05808,1.49791,19.8,10.91,33
AUS,Australia,1.287,0.09,0.08108,1.36,0.05686,1.49794,28.8,10.68,34
MAR,Morocco,1.2825,0.108,0.09696,1.36,0.04163,1.49859,28.5,7.82,35
MEX,Mexico,1.254,0.095,0.08339,1.36,0.05537,1.49876,26.6,10.4,36
USA,United States of America,1.1985,0.09771,0.08197,1.36,0.05739,1.49936,22.9,10.78,37
ARM,Armenia,1.152,0.111,0.08951,1.36,0.05196,1.50147,19.8,9.76,38
NZL,New Zealand,1.0935,0.09935,0.07605,1.36,0.06548,1.50153,15.9,12.3,39
ARE,United Arab Emirates,1.4115,0.095,0.09386,1.36,0.04919,1.50305,37.1,9.24,40
CHL,Chile,1.08,0.13,0.09828,1.36,0.04584,1.50412,13.4,8.61,41
GBR,United Kingdom,1.0935,0.10656,0.08157,1.36,0.06324,1.50481,15.9,11.88,42
MYS,Malaysia,1.2585,0.099,0.08721,1.36,0.06053,1.50774,26.9,11.37,43
PHL,Philippines,1.272,0.115,0.1024,1.36,0.04685,1.50924,27.8,8.8,44
ISR,Israel,1.278,0.108,0.09662,1.36,0.05372,1.51033,28.2,10.09,45
THA,Thailand,1.2945,0.108,0.09786,1.36,0.0534,1.51126,29.3,10.03,46
PRT,Portugal,1.1985,0.11741,0.0985,1.36,0.05457,1.51307,22.9,10.25,47
FRA,France,1.17,0.12095,0.09906,1.36,0.05553,1.51458,21.0,10.43,48
SRB,Serbia,1.203,0.1201,0.10114,1.36,0.05403,1.51517,23.2,10.15,49
LVA,Latvia,1.131,0.12409,0.09824,1.36,0.05813,1.51638,18.4,10.92,50
PAK,Pakistan,1.3035,0.134,0.12227,1.36,0.03498,1.51724,29.9,6.57,51
SAU,Saudi Arabia,1.395,0.1,0.09765,1.36,0.06037,1.51802,36.0,11.34,52
QAT,Qatar,1.3965,0.1,0.09776,1.36,0.06314,1.52089,36.1,11.86,53
LUX,Luxembourg,1.125,0.13267,0.10448,1.36,0.05851,1.52298,18.0,10.99,54
MDA,Moldova,1.218,0.1348,0.11493,1.36,0.04903,1.52396,24.2,9.21,55
MKD,North Macedonia,1.215,0.1352,0.11499,1.36,0.05212,1.52711,24.0,9.79,56
GHA,Ghana,1.3155,0.12,0.1105,1.36,0.05749,1.528,30.7,10.8,57
ESP,Spain,1.2285,0.13445,0.11562,1.36,0.05345,1.52907,24.9,10.04,58
BEL,Belgium,1.14,0.14655,0.11695,1.36,0.05308,1.53002,19.0,9.97,59
MLT,Malta,1.26,0.13746,0.12124,1.36,0.05004,1.53128,27.0,9.4,60
DNK,Denmark,1.113,0.13888,0.1082,1.36,0.06399,1.53219,17.2,12.02,61
LTU,Lithuania,1.137,0.14464,0.11512,1.36,0.0584,1.53352,18.8,10.97,62
ALB,Albania,1.2105,0.1474,0.1249,1.36,0.05084,1.53574,23.7,9.55,63
KOR,South Korea,1.245,0.145,0.12637,1.36,0.05361,1.53998,26.0,10.07,64
POL,Poland,1.1505,0.16562,0.13338,1.36,0.04876,1.54215,19.7,9.16,65
SVN,Slovenia,1.1805,0.16119,0.1332,1.36,0.05414,1.54734,21.7,10.17,66
NLD,Netherlands,1.1385,0.16372,0.13048,1.36,0.05755,1.54802,18.9,10.81,67
EST,Estonia,1.128,0.16853,0.13307,1.36,0.05957,1.55264,18.2,11.19,68
ROU,Romania,1.1865,0.17414,0.14463,1.36,0.04919,1.55382,22.1,9.24,69
JPN,Japan,1.233,0.135,0.11652,1.36,0.07794,1.55446,25.2,14.64,70
SVK,Slovakia,1.1685,0.17291,0.14143,1.36,0.05334,1.55477,20.9,10.02,71
AUT,Austria,1.134,0.16659,0.13224,1.36,0.06287,1.55511,18.6,11.81,72
CHE,Switzerland,1.0905,0.16284,0.1243,1.36,0.07581,1.56011,15.7,14.24,73
GRC,Greece,1.2465,0.19145,0.16705,1.36,0.04174,1.56879,26.1,7.84,74
BGR,Bulgaria,1.2135,0.18156,0.15423,1.36,0.05489,1.56911,23.9,10.31,75
ITA,Italy,1.215,0.19044,0.16197,1.36,0.05212,1.57409,24.0,9.79,76
SGP,Singapore,1.2825,0.15244,0.13685,1.36,0.07735,1.5742,28.5,14.53,77
HUN,Hungary,1.209,0.19222,0.16268,1.36,0.05712,1.5798,23.6,10.73,78
CZE,Czechia,1.1415,0.2028,0.16205,1.36,0.05819,1.58023,19.1,10.93,79
SEN,Senegal,1.341,0.18,0.16897,1.36,0.0559,1.58486,32.4,10.5,80
HRV,Croatia,1.2105,0.21776,0.18452,1.36,0.05201,1.59653,23.7,9.77,81
DEU,Germany,1.14,0.22016,0.17569,1.36,0.06143,1.59712,19.0,11.54,82
IRL,Ireland,1.0845,0.24928,0.18924,1.36,0.0535,1.60274,15.3,10.05,83
CYP,Cyprus,1.275,0.22756,0.2031,1.36,0.05478,1.61788,28.0,10.29,84
GRL,Greenland,1.08,0.263,0.19883,1.36,0.0592,1.61803,-3.1,11.12,85
