iso3,country,rank_symmetric,c_j_total,lambda_star_cap,train_share_pct,inf_best_source,inf_export_share_pct,dc_capacity_mw
KGZ,Kyrgyzstan,1,1.43041,-0.0121,0.182,KGZ,99.996,5.0
ETH,Ethiopia,2,1.44685,-0.0018,0.364,KGZ,0,10.0
XKX,Kosovo,3,1.4488,-0.0006,0.182,KGZ,0,5.0
CAN,Canada,4,1.44975,0.0,99.271,KGZ,0,3200.0
TJK,Tajikistan,5,1.45631,0.0041,0,KGZ,0,5.0
MNE,Montenegro,6,1.45671,0.0044,0,KGZ,0,5.0
CHN,China,7,1.4572,0.0047,0,KGZ,0,31900.0
UKR,Ukraine,8,1.4599,0.0063,0,KGZ,0,175.0
ARG,Argentina,9,1.46373,0.0087,0,KGZ,0,150.0
COL,Colombia,10,1.46484,0.0094,0,KGZ,0,150.0
AZE,Azerbaijan,11,1.465,0.0095,0,KGZ,0,10.0
RUS,Russia,12,1.46559,0.0099,0,KGZ,0,2000.0
NOR,Norway,13,1.46804,0.0114,0,KGZ,0,400.0
DZA,Algeria,14,1.46848,0.0117,0,KGZ,0,25.0
VNM,Vietnam,15,1.47179,0.0138,0,KGZ,0,250.0
FIN,Finland,16,1.47299,0.0145,0,KGZ,0,350.0
BRA,Brazil,17,1.47299,0.0145,0,KGZ,0,1200.0
TKM,Turkmenistan,18,1.47475,0.0156,0,KGZ,0,5.0
EGY,Egypt,19,1.47513,0.0159,0,KGZ,0,150.0
IND,India,20,1.47775,0.0175,0,KGZ,0,3600.0
IDN,Indonesia,21,1.47835,0.0179,0,KGZ,0,500.0
SWE,Sweden,22,1.47928,0.0185,0,KGZ,0,500.0
KAZ,Kazakhstan,23,1.48383,0.0213,0,KGZ,0,100.0
IRN,Iran,24,1.48397,0.0214,0,KGZ,0,10.0
GEO,Georgia,25,1.48408,0.0215,0,KGZ,0,15.0
UZB,Uzbekistan,26,1.48668,0.0231,0,KGZ,0,25.0
TUR,Turkey,27,1.48977,0.025,0,KGZ,0,350.0
KEN,Kenya,28,1.48984,0.0251,0,KGZ,0,60.0
BIH,Bosnia and Herz.,29,1.49011,0.0252,0,KGZ,0,10.0
NGA,Nigeria,30,1.49015,0.0253,0,KGZ,0,100.0
ZAF,South Africa,31,1.4946,0.028,0,KGZ,0,250.0
ISL,Iceland,32,1.49592,0.0289,0,KGZ,0,60.0
BLR,Belarus,33,1.49791,0.0301,0,KGZ,0,35.0
AUS,Australia,34,1.49794,0.0301,0,KGZ,0,2670.0
MAR,Morocco,35,1.49859,0.0305,0,KGZ,0,50.0
MEX,Mexico,36,1.49876,0.0306,0,KGZ,0,900.0
USA,United States of America,37,1.49936,0.031,0,KGZ,0,53700.0
ARM,Armenia,38,1.50147,0.0323,0,KGZ,0,10.0
NZL,New Zealand,39,1.50153,0.0324,0,KGZ,0,250.0
ARE,United Arab Emirates,40,1.50305,0.0333,0,KGZ,0,500.0
CHL,Chile,41,1.50412,0.034,0,KGZ,0,200.0
GBR,United Kingdom,42,1.50481,0.0344,0,KGZ,0,2590.0
MYS,Malaysia,43,1.50774,0.0362,0,KGZ,0,500.0
PHL,Philippines,44,1.50924,0.0372,0,KGZ,0,200.0
ISR,Israel,45,1.51033,0.0379,0,KGZ,0,300.0
THA,Thailand,46,1.51126,0.0384,0,KGZ,0,300.0
PRT,Portugal,47,1.51307,0.0396,0,KGZ,0,100.0
FRA,France,48,1.51458,0.0405,0,KGZ,0,1400.0
SRB,Serbia,49,1.51517,0.0409,0,KGZ,0,40.0
LVA,Latvia,50,1.51638,0.0417,0,KGZ,0,80.0
PAK,Pakistan,51,1.51724,0.0422,0,KGZ,0,50.0
SAU,Saudi Arabia,52,1.51802,0.0427,0,KGZ,0,400.0
QAT,Qatar,53,1.52089,0.0445,0,KGZ,0,80.0
LUX,Luxembourg,54,1.52298,0.0458,0,KGZ,0,70.0
MDA,Moldova,55,1.52396,0.0464,0,KGZ,0,20.0
MKD,North Macedonia,56,1.52711,0.0484,0,KGZ,0,18.0
GHA,Ghana,57,1.528,0.0489,0,KGZ,0,15.0
ESP,Spain,58,1.52907,0.0496,0,KGZ,0,720.0
BEL,Belgium,59,1.53002,0.0502,0,KGZ,0,400.0
MLT,Malta,60,1.53128,0.051,0,KGZ,0,20.0
DNK,Denmark,61,1.53219,0.0515,0,KGZ,0,300.0
LTU,Lithuania,62,1.53352,0.0524,0,KGZ,0,55.0
ALB,Albania,63,1.53574,0.0538,0,KGZ,0,5.0
KOR,South Korea,64,1.53998,0.0564,0,KGZ,0,850.0
POL,Poland,65,1.54215,0.0578,0,KGZ,0,600.0
SVN,Slovenia,66,1.54734,0.061,0,KGZ,0,40.0
NLD,Netherlands,67,1.54802,0.0614,0,KGZ,0,1800.0
EST,Estonia,68,1.55264,0.0643,0,KGZ,0,50.0
ROU,Romania,69,1.55382,0.0651,0,KGZ,0,100.0
JPN,Japan,70,1.55446,0.0655,0,KGZ,0,2400.0
SVK,Slovakia,71,1.55477,0.0656,0,KGZ,0,40.0
AUT,Austria,72,1.55511,0.0659,0,KGZ,0,250.0
CHE,Switzerland,73,1.56011,0.069,0,KGZ,0,500.0
GRC,Greece,74,1.56879,0.0744,0,KGZ,0,50.0
BGR,Bulgaria,75,1.56911,0.0746,0,KGZ,0,75.0
ITA,Italy,76,1.57409,0.0777,0,KGZ,0,850.0
SGP,Singapore,77,1.5742,0.0778,0,KGZ,0,1130.0
HUN,Hungary,78,1.5798,0.0813,0,KGZ,0,50.0
CZE,Czechia,79,1.58023,0.0816,0,KGZ,0,130.0
SEN,Senegal,80,1.58486,0.0845,0,KGZ,0,10.0
HRV,Croatia,81,1.59653,0.0918,0,KGZ,0,30.0
DEU,Germany,82,1.59712,0.0921,0,KGZ,0,1955.0
IRL,Ireland,83,1.60274,0.0956,0,KGZ,0,1260.0
CYP,Cyprus,84,1.61788,0.1051,0,KGZ,0,20.0
GRL,Greenland,85,1.61803,0.1052,0,KGZ,0,5.0
