iso,country,G,R,cr_pe,theta,pue,constr_per_w,mw,omega_share,xi_old,xi_new,c_cr,c_adj_old,c_adj_new,rank_old,rank_new,rank_cr
NOR,Norway,0.990566024780273,1.0,0.0541,14.5,1.08,12.41,400.0,0.003232375472734913,0.9966902842313317,0.9952718346161882,1.5489605063155263,1.5495944278319176,1.549867399135267,2,1,4
CAN,Canada,0.900943374633789,1.0,0.045,14.6,1.08,9.39,3200.0,0.025859003781879303,0.9644262589411683,0.9491803699159549,1.5420809063155263,1.5488686516397083,1.551933436587401,1,2,2
FIN,Finland,1.0,1.0,0.0571,16.4,1.101,12.29,350.0,0.0028283285386430487,1.0,1.0,1.5520678763155265,1.5520678763155265,1.5520678763155265,3,3,7
SWE,Sweden,0.933962249755859,1.0,0.0682,15.2,1.083,12.29,500.0,0.004040469340918641,0.9764920564059647,0.9664172234370924,1.5597633263155264,1.5646190843127723,1.5667724390866822,4,4,11
ISL,Iceland,0.96698112487793,1.0,0.0895,8.7,1.08,12.47,60.0,0.00048485632091023695,0.9883463889570321,0.9833519842243316,1.5757229063155263,1.5782893630913852,1.5794078944661547,5,5,21
NZL,New Zealand,0.957547149658203,0.98,0.095,15.9,1.094,12.3,250.0,0.0020202346704593205,0.9780959675929868,0.9687085251328384,1.5808119063155264,1.5858003177642535,1.5880072670843184,6,6,23
USA,United States of America,0.886792449951172,0.95,0.0813,22.9,1.199,10.78,53700.0,0.43394640721466204,0.942496603455824,0.9178522906511772,1.5762959963155263,1.5896109078750056,1.5958280200688422,7,7,22
GBR,United Kingdom,0.8915093994140619,0.98,0.0971,15.9,1.093,11.88,2590.0,0.02092963118595856,0.9542956622190251,0.9347080888843216,1.5823521163155263,1.5930941553176807,1.5980194694940226,8,8,28
AUS,Australia,0.919811325073242,1.0,0.09,28.8,1.287,10.68,2670.0,0.021576106280505544,0.9713475622104311,0.9590679460149015,1.5891419063155263,1.5959582450128555,1.5990042106561444,9,9,34
DNK,Denmark,0.995283050537109,1.0,0.1293,17.2,1.113,12.02,300.0,0.0024242816045511846,0.9983471162417608,0.9976387374882297,1.6087985363155264,1.609213662627271,1.6093919949932636,11,10,56
LUX,Luxembourg,0.976415100097656,0.98,0.1277,18.0,1.125,10.99,70.0,0.0005656657077286098,0.9847441354746269,0.9782059078208958,1.6086246563155264,1.6125064429515312,1.6142071307420067,12,11,55
FRA,France,0.849056625366211,0.98,0.1024,21.0,1.17,10.43,1400.0,0.011313314154572195,0.938527204981005,0.9121817214014358,1.5919265063155263,1.6072445194903124,1.6144413999310958,10,12,39
NLD,Netherlands,0.943396224975586,1.0,0.1296,18.9,1.139,10.81,1800.0,0.014545689627307108,0.9799001031313623,0.9712858616162319,1.6113909863155265,1.6165873409903062,1.6188801872411807,14,13,60
BEL,Belgium,0.882075500488281,1.0,0.1252,19.0,1.14,9.97,400.0,0.003232375472734913,0.9574321221535023,0.9391887459335748,1.6079705063155263,1.6190816034672904,1.6241518290209345,15,14,54
PRT,Portugal,0.834905624389648,0.95,0.1089,22.9,1.199,10.25,100.0,0.0008080938681837282,0.9234168494301234,0.8905954991858905,1.5994606763155264,1.6194810549179448,1.6291152404331677,16,15,43
EST,Estonia,0.896226425170898,0.95,0.1288,18.2,1.128,11.19,50.0,0.0004040469340918641,0.9459051020986387,0.9227215744266267,1.6097613863155265,1.6241557602724013,1.630841436191405,19,16,58
LVA,Latvia,0.830188674926758,0.9,0.1099,18.4,1.13,10.92,80.0,0.0006464750945469825,0.9050728928341611,0.8643898469059444,1.5949918063155264,1.619841920724289,1.632162807035539,18,17,40
CHE,Switzerland,0.985849075317383,1.0,0.16,15.7,1.091,14.24,500.0,0.004040469340918641,0.9950295295205216,0.9928993278864595,1.6302529063155264,1.6316125868683258,1.632199474401178,24,18,68
JPN,Japan,0.924528274536133,0.98,0.135,25.2,1.234,14.64,2400.0,0.019394252836409477,0.9663020917213536,0.9518601310305052,1.6246739063155264,1.6339715167593685,1.638157730742198,28,19,66
AUT,Austria,0.9716981506347661,1.0,0.1595,18.6,1.134,11.81,250.0,0.0020202346704593205,0.9900232559928943,0.9857475085612776,1.6346720063155264,1.637459494505848,1.6386714050463025,31,20,72
ARE,United Arab Emirates,0.7877358245849609,0.95,0.095,37.1,1.412,9.24,500.0,0.004040469340918641,0.9055501848272356,0.8650716926103367,1.6019589063155264,1.6273977184398944,1.6400005444789745,20,21,44
KOR,South Korea,0.8584906005859381,0.98,0.125,26.0,1.245,10.07,850.0,0.00686879787956169,0.9420647836483227,0.9172354052118897,1.6169984063155263,1.6329225766533304,1.6403630269365495,26,22,62
SGP,Singapore,0.981132049560547,1.0,0.145,28.5,1.282,14.53,1130.0,0.009131460710476129,0.9933647700054193,0.9905211000077419,1.6381839063155264,1.64005500199749,1.6408645739989414,33,23,74
ISR,Israel,0.773584899902344,0.98,0.108,28.2,1.278,10.09,300.0,0.0024242816045511846,0.9094878743117911,0.8706969633025587,1.6046777063155264,1.6292209810846539,1.6413015863617517,22,24,46
QAT,Qatar,0.801886825561523,0.95,0.1,36.1,1.396,11.86,80.0,0.0006464750945469825,0.9109650704409287,0.872807243487041,1.6057809063155264,1.629992298679558,1.641880732340696,23,25,51
DEU,Germany,0.929245300292969,1.0,0.1552,19.0,1.14,11.54,1955.0,0.015798235122991888,0.9747815921789471,0.9639737031127815,1.6319105063155264,1.6389952224712705,1.6421450043730856,32,26,70
ESP,Spain,0.78301887512207,0.95,0.1131,24.9,1.228,10.04,720.0,0.005818275850922843,0.9037344502091325,0.8624777860130465,1.6052816663155263,1.631615554965681,1.6447010540494418,25,27,48
LTU,Lithuania,0.867924499511719,0.92,0.134,18.8,1.137,10.97,55.0,0.00044445162750105053,0.9255080849836259,0.893582978548037,1.6147115063155264,1.6353686945068535,1.6452760907598696,30,28,61
MLT,Malta,0.754716949462891,0.95,0.1105,27.0,1.26,9.4,20.0,0.00016161877363674563,0.8927231562668829,0.846747366095547,1.6055219063155264,1.6352588240158046,1.6503098224722688,29,29,49
MYS,Malaysia,0.674528274536133,0.95,0.099,26.9,1.258,11.37,500.0,0.004040469340918641,0.8603507042884571,0.8005010061263672,1.5952403063155263,1.633738486188209,1.6543496032501044,27,30,41
MNE,Montenegro,0.523584899902344,0.8,0.0508,21.7,1.18,10.28,5.0,4.040469340918641e-05,0.7530400432210367,0.6472000617443382,1.5500217063155264,1.6129753716591104,1.6546628557693412,13,31,5
CHN,China,0.5283018875122071,0.95,0.079,20.9,1.169,6.12,31900.0,0.2577819439506093,0.7959077823919809,0.7084396891314014,1.5727066063155264,1.6277475518649827,1.6610446370310814,21,32,17
SVN,Slovenia,0.825471725463867,0.95,0.147,21.7,1.181,10.17,40.0,0.00032323754727349126,0.9198847378371482,0.8855496254816404,1.6295858063155264,1.6532336478901013,1.6646782795116595,39,33,67
CHL,Chile,0.7122641754150391,0.9,0.13,13.4,1.08,8.61,200.0,0.0016161877363674564,0.8604538351711335,0.8006483359587623,1.6063409063155263,1.6466063109049778,1.6681595961512943,35,34,53
XKX,Kosovo,0.514150924682617,0.7,0.0468,21.0,1.17,9.48,5.0,4.040469340918641e-05,0.719944957305285,0.5999213675789786,1.5463901063155263,1.619649237602554,1.6719840472098315,17,35,3
POL,Poland,0.650943374633789,0.92,0.1188,19.7,1.151,9.16,600.0,0.004848563209102369,0.8417058918683753,0.7738655598119649,1.6037780663155263,1.649988481462434,1.6755800889235555,37,36,45
SAU,Saudi Arabia,0.627358474731445,0.95,0.1,36.0,1.395,11.34,400.0,0.003232375472734913,0.8404029700024673,0.7720042428606676,1.6057109063155264,1.6527409691421402,1.6788492987242662,38,37,50
CZE,Czechia,0.844339599609375,0.95,0.1723,19.1,1.142,10.93,130.0,0.0010505220286388466,0.9269290897846136,0.8956129854065908,1.6457975263155262,1.6684801424480982,1.679334296371805,43,38,77
VNM,Vietnam,0.5047169876098629,0.85,0.073,28.0,1.275,8.76,250.0,0.0020202346704593205,0.7584916851367186,0.6549881216238838,1.5732134063155263,1.641719256454485,1.6865439625678773,34,39,19
GEO,Georgia,0.551886787414551,0.8,0.0911,19.4,1.146,9.58,15.0,0.00012121408022755924,0.765123231699411,0.6644617595705872,1.5811413263155263,1.6496223316620253,1.6937919198567226,36,40,24
IRL,Ireland,0.938679275512695,0.98,0.228,15.3,1.085,10.05,1260.0,0.010181982739114975,0.9713819986424987,0.9591171409178554,1.6812269063155263,1.690747738531506,1.6950020224869429,53,41,83
THA,Thailand,0.575471687316895,0.85,0.108,29.3,1.295,10.03,300.0,0.0024242816045511846,0.7895752830438714,0.6993932614912448,1.6059629063155263,1.6720297010887357,1.7125138495300831,44,42,52
SVK,Slovakia,0.688679275512695,0.92,0.1644,20.9,1.169,10.02,40.0,0.00032323754727349126,0.8571863399268893,0.7959804856098418,1.6425894263155263,1.6899940073776218,1.7155175590147542,52,43,76
IDN,Indonesia,0.46698112487793,0.7,0.067,26.4,1.25,11.21,500.0,0.004040469340918641,0.7002180978330814,0.571740139761545,1.5666859063155263,1.6560037910333276,1.7229556994063366,41,44,15
IND,India,0.561320762634277,0.7,0.09,30.2,1.308,6.64,3600.0,0.029091379254614216,0.7387858493428849,0.6268369276326929,1.5904649063155263,1.672636503840455,1.7288176211084707,45,45,37
ARG,Argentina,0.377358474731445,0.75,0.06,22.3,1.189,10.1,150.0,0.0012121408022755923,0.6723966158060597,0.5319951654372281,1.5579989063155264,1.6554121946772578,1.7338876299205763,40,46,9
ITA,Italy,0.6084905624389649,0.95,0.162,24.0,1.215,9.79,850.0,0.00686879787956169,0.8322145777929595,0.7603065397042279,1.6458419063155263,1.7038623470487537,1.7365674493632182,60,47,78
ROU,Romania,0.6415093994140619,0.85,0.1564,22.1,1.186,9.24,100.0,0.0008080938681837282,0.8169029549692637,0.738432792813234,1.6379041863155264,1.7006270315788745,1.7370300998881343,59,48,73
GRL,Greenland,0.995283050537109,0.85,0.263,-3.1,1.08,11.12,5.0,4.040469340918641e-05,0.9438442284813198,0.9197774692590283,1.7068889063155264,1.7276430783242245,1.7373135099708599,70,49,85
BRA,Brazil,0.419811325073242,0.7,0.063,27.3,1.265,10.75,1200.0,0.009697126418204739,0.6794671059527058,0.5420958656467225,1.5638474063155263,1.660925457369045,1.7376736520325515,42,50,13
CYP,Cyprus,0.71698112487793,0.95,0.185,28.0,1.275,10.29,20.0,0.00016161877363674563,0.8777150799751348,0.8253072571073354,1.6731734063155264,1.717075474014337,1.7398732523070726,66,51,81
ARM,Armenia,0.490566024780273,0.8,0.111,19.8,1.152,9.76,10.0,8.080938681837282e-05,0.7385223845071844,0.6264605492959779,1.5975713063155264,1.6823711845474112,1.7403841033135878,48,52,42
ZAF,South Africa,0.542452812194824,0.65,0.095,23.5,1.208,10.2,250.0,0.0020202346704593205,0.7156575762380032,0.5937965374828618,1.5883929063155264,1.6799075654549238,1.7459580823017502,46,53,33
SRB,Serbia,0.514150924682617,0.8,0.1201,23.2,1.203,10.15,40.0,0.00032323754727349126,0.7489400432970819,0.6413429189958314,1.6091971163155263,1.6933830889757233,1.7496395806278753,55,54,57
HUN,Hungary,0.6320754623413091,0.92,0.1759,23.6,1.209,10.73,50.0,0.0004040469340918641,0.833797357078004,0.7625676529685772,1.6569250763155263,1.716498322149216,1.7499791431258085,65,55,80
EGY,Egypt,0.443396224975586,0.7,0.08,31.7,1.331,7.63,150.0,0.0012121408022755923,0.6899806471693513,0.5571152102419303,1.5825969063155263,1.6834845264143796,1.7610942392279305,49,56,29
MAR,Morocco,0.48584907531738303,0.75,0.108,28.5,1.283,7.82,50.0,0.0004040469340918641,0.7225512219591114,0.6036446027987306,1.6050557063155264,1.699897986502455,1.7672334539616683,58,57,47
GRC,Greece,0.570754699707031,0.9,0.1652,26.1,1.246,7.84,50.0,0.0004040469340918641,0.8016999327992786,0.7167141897132552,1.6521483463155264,1.7248907237674764,1.7683882644464701,68,58,79
KAZ,Kazakhstan,0.367924537658691,0.8,0.085,24.9,1.229,9.53,100.0,0.0008080938681837282,0.6797715349551712,0.5425307642216732,1.5811864063155263,1.686296921691949,1.769328828274018,50,59,25
COL,Colombia,0.358490562438965,0.75,0.075,25.5,1.237,7.49,150.0,0.0012121408022755923,0.6629673286899519,0.5185247552713599,1.5730034063155263,1.6822737154515877,1.772587884661071,47,60,18
BGR,Bulgaria,0.537735862731934,0.85,0.1546,23.9,1.214,10.31,75.0,0.0006060704011377962,0.7732515048342166,0.6760735783345951,1.6394399863155265,1.7219516692055734,1.7742568486168582,67,61,75
BIH,Bosnia and Herz.,0.396226425170898,0.75,0.0985,21.6,1.179,9.17,10.0,8.080938681837282e-05,0.6815929916158118,0.5451328451654455,1.5893529563155264,1.6974013233167191,1.7823465681523285,56,62,35
TUR,Turkey,0.325471687316895,0.85,0.086,24.4,1.222,10.57,350.0,0.0028283285386430487,0.6681833208708492,0.5259761726726419,1.5816253063155263,1.6926463307296324,1.7831075369718212,54,63,26
MKD,North Macedonia,0.452830200195312,0.8,0.1352,24.0,1.214,9.79,18.0,0.00014545689627307108,0.7213186899207797,0.6018838427439712,1.6229538663155263,1.7252952005344828,1.7981673540851832,69,64,64
HRV,Croatia,0.594339637756348,0.9,0.2057,23.7,1.211,9.77,30.0,0.00024242816045511847,0.8119607213942779,0.7313724591346827,1.6824327963155263,1.7575530017496466,1.8015721240933709,78,65,84
MDA,Moldova,0.471698112487793,0.75,0.1348,24.2,1.218,9.21,20.0,0.00016161877363674563,0.7163520821843742,0.5947886888348203,1.6229913863155263,1.727893683505406,1.8034804056657807,71,66,65
AZE,Azerbaijan,0.292452831268311,0.7,0.062,24.4,1.221,9.77,10.0,8.080938681837282e-05,0.6167196254181775,0.45245660774025365,1.5610523063155264,1.6872078827269843,1.8067037076966774,51,67,12
ALB,Albania,0.457547187805176,0.8,0.1474,23.7,1.211,9.55,5.0,4.040469340918641e-05,0.7235073761100612,0.6050105373000876,1.6330118863155263,1.7380860298716598,1.8125174207871464,72,68,71
KEN,Kenya,0.410377349853516,0.6,0.088,27.4,1.265,9.74,60.0,0.00048485632091023695,0.6473484430034684,0.49621206143352625,1.5859849063155265,1.710149495487863,1.8173887173758654,62,69,30
GHA,Ghana,0.495283012390137,0.6,0.12,30.7,1.315,10.8,15.0,0.00012121408022755924,0.6815929842681863,0.5451328346688377,1.6185209063155264,1.7401951213260447,1.8358527094055506,74,70,63
PHL,Philippines,0.372641525268555,0.7,0.115,27.8,1.272,8.8,200.0,0.0016161877363674564,0.6575136964748545,0.510733852106935,1.6104569063155263,1.7419251533314855,1.8522439313074832,75,71,59
DZA,Algeria,0.26415094375610404,0.7,0.065,35.8,1.391,8.48,25.0,0.00020202346704593205,0.6010046074536795,0.43000658207668496,1.5713514063155263,1.7129508644868348,1.8540777323136988,63,72,16
ETH,Ethiopia,0.268867931365967,0.55,0.05,26.5,1.252,8.08,10.0,8.080938681837282e-05,0.5691837801635309,0.3845482573764727,1.5518809063155263,1.698583610501359,1.8620808733342566,57,73,6
UKR,Ukraine,0.198113212585449,0.75,0.0568,22.5,1.192,9.86,175.0,0.0014141642693215244,0.5698269920248018,0.3854671314640027,1.5554548263155263,1.7044711725238502,1.870151053276432,61,74,8
MEX,Mexico,0.24056604385376001,0.75,0.095,26.6,1.255,10.4,900.0,0.007272844813653554,0.5973348636071067,0.4247640908672954,1.5915184063155263,1.7488927733695063,1.907677752512011,76,75,38
UZB,Uzbekistan,0.231132068634033,0.7,0.09,29.9,1.303,8.37,25.0,0.00020202346704593205,0.5815640238764059,0.4022343198234371,1.5901499063155264,1.7571382055834803,1.935060402782851,77,76,36
SEN,Senegal,0.42924530029296903,0.65,0.18,32.4,1.342,10.5,10.0,8.080938681837282e-05,0.6697494126341659,0.528213446620237,1.6771529063155264,1.834495814626967,1.9621576063175874,84,77,82
RUS,Russia,0.122641506195068,0.85,0.065,16.9,1.109,10.36,2000.0,0.016161877363674564,0.5260092638151052,0.3228703768787217,1.5585204063155265,1.7391559055672174,1.9789277134159426,73,78,10
KGZ,Kyrgyzstan,0.127358493804932,0.65,0.038,13.3,1.08,7.83,5.0,4.040469340918641e-05,0.5014042707513195,0.2877203867875994,1.5367889063155264,1.7145157879865351,1.979247336639424,64,79,1
IRN,Iran,0.160377349853516,0.75,0.085,31.2,1.324,8.5,10.0,8.080938681837282e-05,0.542772889901585,0.3468184141451215,1.5868389063155264,1.7795594819748262,2.0177086950983645,79,80,31
NGA,Nigeria,0.202830181121826,0.5,0.08,31.4,1.326,10.5,100.0,0.0008080938681837282,0.5229201524646153,0.31845736066373626,1.5823169063155265,1.7869141431683073,2.0622556516735875,80,81,27
BLR,Belarus,0.113207550048828,0.8,0.099,19.8,1.152,10.91,35.0,0.0002828328538643049,0.5106593449603899,0.3009419213719856,1.5878945063155263,1.8081331555912687,2.121775044087343,82,82,32
PAK,Pakistan,0.212264156341553,0.55,0.134,29.9,1.304,6.57,50.0,0.0004040469340918641,0.5391760651362266,0.34168009305175234,1.6303761063155264,1.8631189339399494,2.155049684818212,85,83,69
TJK,Tajikistan,0.09905660629272459,0.65,0.074,16.8,1.108,7.32,5.0,4.040469340918641e-05,0.4776218711314369,0.253745530187767,1.5654553063155263,1.7922839026550867,2.175393136154341,81,84,14
TKM,Turkmenistan,0.0660377359390259,0.75,0.07,32.2,1.339,9.24,5.0,4.040469340918641e-05,0.45578468460536165,0.22254954943623095,1.5736719063155264,1.831115414908077,2.326883357523323,83,85,20
