iso3,country,p_E,theta,pue,c_construction,k_bar_gpu_hours,omega_pct,c_j_total,omega
IRN,Iran,.005,31.2,1.324,.04525,47430535.1,.0080809386818373,1.40794,.0000808093868184
TKM,Turkmenistan,.01,32.2,1.339,.04919,2976544.6,.0040404693409186,1.41662,.0000404046934092
ETH,Ethiopia,.03,26.5,1.252,.04301,1699388.96,.0080809386818373,1.42737,.0000808093868184
KGZ,Kyrgyzstan,.038,13.3,1.08,.04168,1999499.91,.0040404693409186,1.42847,.0000404046934092
EGY,Egypt,.038,31.7,1.331,.04062,24427142.86,.1212140802275592,1.43409,.0012121408022756
DZA,Algeria,.033,35.8,1.391,.04514,12055142.86,.0202023467045932,1.43535,.0002020234670459
CAN,Canada,.045,14.6,1.08,.04999,82800428.56999999,2.58590037818793,1.44207,.0258590037818793
RUS,Russia,.04,16.9,1.109,.05515,147615373.98,1.616187736367456,1.44426,.0161618773636746
ZAF,South Africa,.04,23.5,1.208,.0543,29322857.14,.202023467045932,1.44619,.0020202346704593
XKX,Kosovo,.0468,21,1.17,.05047,721143.4300000001,.0040404693409186,1.44686,.0000404046934092
NGA,Nigeria,.042,31.4,1.326,.0559,4414525.93,.0808093868183728,1.45294,.0008080938681837
TJK,Tajikistan,.074,16.8,1.108,.03897,2190331.9,.0040404693409186,1.4544,.0000404046934092
MNE,Montenegro,.0508,21.7,1.18,.05473,406571.43,.0040404693409186,1.45474,.0000404046934092
CHN,China,.079,20.9,1.169,.03258,1314725142.86,25.77819439506093,1.45527,.2577819439506093
QAT,Qatar,.036,36.1,1.396,.06314,7353826.46,.0646475094546983,1.45638,.000646475094547
UKR,Ukraine,.0568,22.5,1.192,.05249,13564000,.1414164269321525,1.45795,.0014141642693215
ARG,Argentina,.06,22.3,1.189,.05377,18357000,.1212140802275592,1.46177,.0012121408022756
COL,Colombia,.075,25.5,1.237,.03987,11606571.43,.1212140802275592,1.46289,.0012121408022756
AZE,Azerbaijan,.062,24.4,1.221,.05201,3433428.57,.0080809386818373,1.46308,.0000808093868184
NOR,Norway,.0541,14.5,1.08,.06607,18546000,.3232375472734913,1.46503,.0032323754727349
KAZ,Kazakhstan,.066,24.9,1.229,.05073,14944285.71,.0808093868183728,1.46557,.0008080938681837
UZB,Uzbekistan,.071,29.9,1.303,.04456,10665399.49,.0202023467045932,1.46737,.0002020234670459
FIN,Finland,.0571,16.4,1.101,.06543,11480000,.2828328538643049,1.46748,.002828328538643
VNM,Vietnam,.073,28,1.275,.04663,37623483.19,.202023467045932,1.46984,.0020202346704593
SAU,Saudi Arabia,.053,36,1.395,.06037,56983218.67,.3232375472734913,1.47018,.0032323754727349
BRA,Brazil,.063,27.3,1.265,.05723,87969857.14,.9697126418204739,1.47108,.0096971264182047
ARE,United Arab Emirates,.065,37.1,1.412,.04919,21997865.98,.4040469340918641,1.47148,.0040404693409186
SWE,Sweden,.0682,15.2,1.083,.06543,18287857.14,.4040469340918641,1.47517,.0040404693409186
IND,India,.09,30.2,1.308,.03535,242752428.57,2.909137925461422,1.47581,.0290913792546142
IDN,Indonesia,.067,26.4,1.25,.05968,58054285.71,.4040469340918641,1.47638,.0040404693409186
GEO,Georgia,.0911,19.4,1.146,.051,1795285.71,.0121214080227559,1.48215,.0001212140802276
USA,United States of America,.0813,22.9,1.199,.05739,603904428.5700001,43.3946407214662,1.48369,.433946407214662
KEN,Kenya,.088,27.4,1.265,.05185,1502714.29,.0484856320910237,1.48785,.0004848563209102
TUR,Turkey,.086,24.4,1.222,.05627,43653428.57,.2828328538643049,1.48787,.002828328538643
BIH,Bosnia and Herz.,.0985,21.6,1.179,.04882,1672857.14,.0080809386818373,1.48814,.0000808093868184
ISL,Iceland,.0895,8.699999999999999,1.08,.06639,2807142.86,.0484856320910237,1.49211,.0004848563209102
GBR,United Kingdom,.0971,15.9,1.093,.06324,41173000,2.092963118595856,1.49562,.0209296311859586
BLR,Belarus,.099,19.8,1.152,.05808,5117249.66,.0282832853864305,1.496,.0002828328538643
AUS,Australia,.09,28.8,1.287,.05686,37399571.43,2.157610628050554,1.49601,.0215761062805055
NZL,New Zealand,.095,15.9,1.094,.06548,5958571.43,.202023467045932,1.49631,.0020202346704593
MAR,Morocco,.108,28.5,1.283,.04163,5372714.29,.0404046934091864,1.49669,.0004040469340919
MEX,Mexico,.095,26.6,1.255,.05537,48347000,.7272844813653554,1.49687,.0072728448136536
FRA,France,.1024,21,1.17,.05553,62658571.43,1.13133141545722,1.49745,.0113133141545722
ARM,Armenia,.111,19.8,1.152,.05196,1017888.85,.0080809386818373,1.49949,.0000808093868184
CHL,Chile,.13,13.4,1.08,.04584,12140714.29,.1616187736367456,1.50218,.0016161877363675
POL,Poland,.1188,19.7,1.151,.04876,22965571.43,.4848563209102369,1.50255,.0048485632091024
LVA,Latvia,.1099,18.4,1.13,.05813,973285.71,.0646475094546983,1.50316,.000646475094547
PRT,Portugal,.1089,22.9,1.199,.05457,7776857.14,.0808093868183728,1.50405,.0008080938681837
MLT,Malta,.1105,27,1.26,.05004,398142.86,.0161618773636746,1.50556,.0001616187736367
MYS,Malaysia,.099,26.9,1.258,.06053,25020578.11,.4040469340918641,1.50576,.0040404693409186
PHL,Philippines,.115,27.8,1.272,.04685,14520282.23,.1616187736367456,1.50732,.0016161877363675
ISR,Israel,.108,28.2,1.278,.05372,9528285.710000001,.2424281604551185,1.50838,.0024242816045512
ESP,Spain,.1131,24.9,1.228,.05345,35351428.57,.5818275850922843,1.50877,.0058182758509228
THA,Thailand,.108,29.3,1.295,.0534,30373285.71,.2424281604551185,1.50934,.0024242816045512
BEL,Belgium,.1252,19,1.14,.05308,11665000,.3232375472734913,1.51105,.0032323754727349
SRB,Serbia,.1201,23.2,1.203,.05403,4815571.43,.0323237547273491,1.51323,.0003232375472735
PAK,Pakistan,.134,29.9,1.304,.03498,21419330.61,.0404046934091864,1.51533,.0004040469340919
LUX,Luxembourg,.1277,18,1.125,.05851,1088000,.056566570772861,1.51713,.0005656657077286
NLD,Netherlands,.1296,18.9,1.139,.05755,15806142.86,1.454568962730711,1.51892,.0145456896273071
EST,Estonia,.1288,18.2,1.128,.05957,1120142.86,.0404046934091864,1.51935,.0004040469340919
KOR,South Korea,.125,26,1.245,.05361,84410285.70999999,.686879787956169,1.52058,.0068687978795617
MDA,Moldova,.1348,24.2,1.218,.04903,846714.29,.0161618773636746,1.52206,.0001616187736367
DNK,Denmark,.1293,17.2,1.113,.06399,4993857.14,.2424281604551185,1.5228,.0024242816045512
LTU,Lithuania,.134,18.8,1.137,.0584,1724142.86,.0444451627501051,1.52311,.0004444516275011
MKD,North Macedonia,.1352,24,1.214,.05212,867000,.0145456896273071,1.52511,.0001454568962731
GHA,Ghana,.12,30.7,1.315,.05749,2666845.4,.0121214080227559,1.52603,.0001212140802276
SVN,Slovenia,.147,21.7,1.181,.05414,1944285.71,.0323237547273491,1.53372,.0003232375472735
ALB,Albania,.1474,23.7,1.211,.05084,996285.71,.0040404693409186,1.53383,.0000404046934092
ROU,Romania,.1564,22.1,1.186,.04919,7039714.29,.0808093868183728,1.53712,.0008080938681837
DEU,Germany,.1552,19,1.14,.06143,70761714.29000001,1.579823512299189,1.54336,.0157982351229919
GRC,Greece,.1652,26.1,1.246,.04174,6978142.86,.0404046934091864,1.54393,.0004040469340919
BGR,Bulgaria,.1546,23.9,1.214,.05489,4936714.29,.0606070401137796,1.54435,.0006060704011378
SVK,Slovakia,.1644,20.9,1.169,.05334,3623428.57,.0323237547273491,1.54594,.0003232375472735
AUT,Austria,.1595,18.6,1.134,.06287,10183285.71,.202023467045932,1.54753,.0020202346704593
ITA,Italy,.162,24,1.215,.05212,42531571.43,.686879787956169,1.54798,.0068687978795617
JPN,Japan,.135,25.2,1.234,.07794,136168142.86,1.939425283640948,1.55259,.0193942528364095
CZE,Czechia,.1723,19.1,1.142,.05819,9258285.710000001,.1050522028638847,1.55401,.0010505220286388
CHE,Switzerland,.16,15.7,1.091,.07581,9011142.859999999,.4040469340918641,1.55602,.0040404693409186
HUN,Hungary,.1759,23.6,1.209,.05712,6309714.29,.0404046934091864,1.5641,.0004040469340919
SGP,Singapore,.145,28.5,1.282,.07735,8242857.14,.9131460710476128,1.56559,.0091314607104761
CYP,Cyprus,.185,28,1.275,.05478,738142.86,.0161618773636746,1.57795,.0001616187736367
SEN,Senegal,.18,32.4,1.342,.0559,1059285.71,.0080809386818373,1.583,.0000808093868184
HRV,Croatia,.2057,23.7,1.211,.05201,2472428.57,.0242428160455118,1.58437,.0002424281604551
IRL,Ireland,.228,15.3,1.085,.0535,4662571.43,1.018198273911497,1.5847,.010181982739115
GRL,Greenland,.263,-3.1,1.08,.0592,243707.14,.0040404693409186,1.61609,.0000404046934092
